Name,Time
0000005,13:13:56
0000005,13:13:57
0000000,13:14:00
0001_0000255_script,13:23:54
0001_0000255_script,13:23:55
0001_0000255_script,13:23:57
0001_0000255_script,13:23:57
0001_0000255_script,13:23:58
0001_0000255_script,13:23:59
0001_0000255_script,13:24:00
0000000,13:24:01
0001_0000255_script,13:24:01
0001_0000255_script,13:24:02
0001_0000255_script,13:24:03
0001_0000255_script,13:24:03
0001_0000255_script,13:24:04
0001_0000255_script,13:24:04
0001_0000255_script,13:24:05
0001_0000255_script,13:24:06
0000000,13:24:08